barcode	promoter	enhancer
ACTAGCCGTTAC	35S	35S
CCCCCTAACCAC	35S	35S
GTTCGTACCTAT	35S	35S
GACACTGACCCC	35S	35S
TATAGCCATATC	35S	35S
ACCACTTACATT	35S	35S
CGCCTTGACTCT	35S	35S
GTCGACTCTCGT	35S	35S
GCCATCCATACT	35S	35S
CTCCGTATTCGC	35S	35S
GCCAGCGCCCTC	35S	35S
AGCGTCAGCACT	35S	35S
GGCTCCAACAAT	35S	35S
TGTATCCCTACC	35S	35S
ACCTTTTTTGAC	35S	35S
GCCGGCTTCAGC	35S	none
CGTAGTATTCAT	35S	none
TGCACCCCCCAC	35S	none
CCTGGCTCTGGC	35S	none
GGTTATACTTTT	35S	none
GATTCTCTTTAC	35S	none
TTCGCCCATAGC	35S	none
TACGTCTATTTT	35S	none
ATCGGTTCTTCC	35S	none
TACATTAATCAC	35S	none
TATACCGTCCGC	35S	none
CCTTGTTATCAT	35S	none
CACGCTGCCCAT	35S	none
CTTACTTCTACC	35S	none
AGTTCCATCTCT	35S	none
CCCGAGCCCAAC	none	35S
CAAAAAGCAAAA	none	35S
CGCGACAAGACC	none	35S
GGACAAAAAACC	none	35S
ACTGTCCCCGAT	none	35S
AATCGCGCTAGT	none	35S
CAACAGACAAAA	none	35S
CTGCTAAACAGA	none	35S
GTAGGCCTAAAG	none	35S
GAGCTAATCGAT	none	35S
AACGAAACGAGA	none	35S
CAGCTTGTGATC	none	35S
AGCGGGCCACAT	none	35S
GGTAAAAAGAGA	none	35S
GCAGACAGCATT	none	none
ATTCCTGCACGA	none	none
GTAACCATGCCA	none	none
GGAATGAAAAGA	none	none
AAGCAAACCATG	none	none
ACGGAACCGAAA	none	none
AGACACGCTAAA	none	none
CACCATATGAAA	none	none
GCAAGGATGCAG	none	none
AACCATCACATA	none	none
GAGATCGACAAG	none	none
GCGCGCCCTGAC	none	none
CAACTTGAAAAA	none	none
AATGAGCCCCGA	none	none